keyword,volume,cpc_low_sek,cpc_high_sek,round
bruxismo,1900,,,2
consultorios odontologicos,1900,1.69,6.15,1
dentista,1300,2.48,18.96,1
dientes,1300,,,1
profilaxis dental,1300,,,1
protesis dental,1300,9.59,31.17,1+2
remedios caseros para el dolor de dientes,1300,,,1
blanqueo dental,1000,2.58,15.38,1
dental guarani,1000,1.46,5.18,1
dentista cerca de mi,1000,1.09,8.82,1
integra odontologia,1000,1.49,9.99,1
clinica odontología,880,2.28,15.05,1
bruxismo que es,720,,,2
encias inflamadas,590,11.81,14.89,2
invisalign,590,4.07,21.00,2
invizilajn,590,4.07,21.00,2
sarro,590,,,2
sarro dental,590,,,2
brackets autoligables,480,,,1
limpieza de sarro,480,1.59,39.69,2
muela del juicio,480,,,1
para dolor de dientes,390,,,1
sarro en los dientes,390,,,2
brackets auto ligado,320,,,1
brackets autoligado,320,,,1
brackets esteticos,320,,,2
dental universitaria,320,,,1
dolor de muela,320,,,1
muelas,320,,,1
placa dental,320,,,2
puente dental,320,,,2
remedios caseros para el dolor de muela,320,,,1
una odontologia,320,,,1
dental mas,260,,,1
odontologia familiar,260,,,1
odontopediatria,260,1.59,4.16,1
remedio para el dolor de muela,260,,,1
brackets de zafiro,210,,,1+2
innovaciones dentales,210,1.98,15.04,1
odontologia asuncion,210,1.19,3.98,1
odontologo san lorenzo,210,,,2
odontología san lorenzo,210,,,2
q tomar para el dolor de dientes,210,,,1
adhesivo dental,170,0.10,0.11,1
carillas de porcelana,170,,,1
carillas dentales precio,170,1.39,6.31,1
clinic dent,170,1.49,6.86,1
consultorios dentales,170,,,1
dentadura,170,,,2
limpieza dental,170,1.59,2.91,1
medicamento para dolor de muela y desinflamar,170,,,1
odontopediatra,170,2.68,8.03,1
quitar dolor de muelas al instante,170,,,1
blanqueamiento dental precio,140,1.59,3.71,1
brackets transparentes,140,,,2
dolor de muela insoportable,140,,,1
extracción de muelas del juicio,140,1.39,2.48,1
ferula bucal,140,,,2
ferulas dentales,140,,,1
flemon,140,,,1
frenillo estetico,140,,,2
halitosis que es,140,,,2
halitosis qué es,140,,,2
mecánico dental,140,,,1
medicamento para dolor de dientes,140,,,1
odonto estetic,140,,,1
odontologia santa maria,140,,,1
odontologos,140,,,1
odontología cerca de mi ubicación,140,1.09,10.64,1
odontólogos cerca de mi ubicación,140,1.09,10.64,1
placa bacteriana,140,,,2
adhesivo para protesis dental,110,0.10,0.10,1
alineadores dentales,110,,,2
calmante para dolor de diente,110,,,1
dolor de muela remedio natural,110,,,1
extracción de muela infectada,110,,,1
extracción de una muela,110,1.49,3.20,1
infeccion de extraccion de muela,110,,,1
limpieza de sarro dental,110,,,1+2
odontologos cerca de mi,110,0.89,17.20,1
piorrea,110,,,2
placas para bruxismo,110,,,2
servicios odontologicos,110,,,1
urgencias odontologicas,110,1.69,2.78,1
brackets zafiro,90,,,1+2
causa de gingivitis,90,,,2
diente con infeccion,90,,,1
estomatologo,90,,,1
ferula de descarga,90,,,2
fijo dental,90,,,2
gingivitis que es,90,,,2
mal aliento,90,,,2
mal aliento como eliminarlo,90,,,2
medicacion para dolor de muela,90,11.51,13.89,1
medicamento para el dolor de muela,90,11.51,13.89,1
odontologia cerca,90,0.99,5.75,1
odontologia las 24 horas,90,,,1
odontologos en san lorenzo,90,,,2
odontológicas 24 horas,90,,,1
para el dolor de muela,90,,,1
placa miorrelajante,90,,,2
placas para dientes,90,,,2
prótesis removibles,90,,,1
q tomar para el dolor de muela,90,,,1
reconstruccion dental,90,,,1
adulto fuerte dolor de muela medicamento,70,,,1
alineadores,70,,,2
analgésico para dolor de muela,70,12.90,13.89,1
autoligados,70,,,1
brackets precio,70,,,1
dolor de diente en el embarazo,70,,,1
dolor de muela q tomar,70,,,1
dolor de muelas que tomar,70,,,1
encias retraidas,70,,,2
encias sangrantes,70,,,2
flemon dental,70,,,1
gingivitis grave,70,,,2
mar dental,70,,,1
para el dolor de muela que puedo tomar,70,,,1
placa de diente,70,,,2
placa de relajacion dental,70,,,2
placa de relajación dental,70,,,1
q puedo tomar para el dolor de muela,70,,,1
remedio natural para dolor de diente,70,,,1
resinas para dientes,70,,,1
smile odontologia,70,,,1
tipo de sarro dental,70,,,2
brackets autoligado esteticos,50,,,1+2
calculo dental,50,,,2
calmante para dolor de muela,50,,,1
centro dental,50,,,1
colgate antisarro,50,,,2
dentista san lorenzo,50,1.49,4.25,2
dolor de muela del juicio,50,,,1
dolor de muela remedio,50,,,1
esencial odontologia,50,,,1
horas dentales,50,,,1
lentes de contacto dentales,50,,,1
limpieza de dientes,50,,,1
mal aliento como quitarlo,50,,,2
mal olor,50,,,2
muela de juicio inflamada,50,,,1
muela de juicio sintomas,50,,,1
porque se inflaman las encias,50,,,2
rie odontologia,50,,,1
zirconio dental,50,,,1
5 remedios caseros para el dolor de muelas,40,,,1
alineadores transparentes,40,,,2
atm odontología,40,,,1
bracket invisibles,40,,,1
brackets autoligables estéticos,40,,,1+2
cara hinchada por muela infectada,40,,,1
carie en diente,40,,,1
cio odontologia,40,,,1
como quitar el sarro de los dientes,40,,,2
como quito el sarro de los dientes,40,,,2
como sacar el sarro de los dientes,40,,,2
como sacar los sarros de los dientes,40,,,2
dentadura postiza,40,,,2
dentista capiata,40,,,1
diente roto,40,,,1
dientes de porcelana precio,40,,,1
dolor de diente remedio casero,40,,,1
dolor de muela intenso,40,,,1
gingivitis como se cura,40,,,2
gingivitis que es y como se cura,40,,,2
halitosis tratamiento,40,,,2
limpieza dental con ultrasonido,40,,,1
los odontologos son doctores,40,,,1
mal aliento en ninos,40,,,2
odonto 3,40,,,1
odontologia estetica,40,,,1
odontologia estetica integral,40,,,1
odontologica,40,,,1
odontop,40,,,1
odontopediatra san lorenzo,40,,,2
por sangran las encias,40,,,2
rechinar de dientes,40,,,2
sarro dental extremo,40,,,2
sillon odontologico,40,1.34,11.87,1
tratamiento halitosis,40,,,2
alineador dental,30,,,2
boca odontologia,30,,,1
brackets blancos,30,,,1+2
carie en muela,30,,,1
caries muela,30,,,1
carilla para dientes,30,,,1
como limpiar el sarro de los dientes,30,,,2
como quitar el dolor de muela,30,,,2
dental g,30,,,1
dental stetic,30,,,1
dentista brackets,30,,,1
dentista encarnacion,30,,,2
dentista villa elisa,30,,,2
dientes fijos de porcelana,30,,,1
encia infectada,30,,,2
espacio dental,30,,,1
ferula de descarga bruxismo,30,,,2
la gingivitis,30,,,2
limpieza dental precio,30,1.19,2.48,1
mal aliento como combatirlo,30,,,2
muela infectada,30,,,1
odonto 24,30,,,1
placa bacteriana que es,30,,,2
placa en los dientes,30,,,2
placa entre los dientes,30,,,2
placa odontologia,30,,,1+2
placa odontológica,30,,,2
placas ortodoncia,30,,,2
porque tengo mal aliento,30,10.82,13.89,2
profilaxis dental precio,30,,,1
puente de un diente,30,,,2
puente dental precio,30,,,1+2
puentes de dientes,30,,,2
remedio casero para dolor de diente inflamado,30,,,1
remedio encias inflamadas,30,,,1
resinas odontologicas,30,,,1
silla odontologica,30,,,1
algo para el dolor de dientes,20,,,1
alineadores invisibles precio,20,1.29,4.17,2
analgesicos dentales,20,,,1
analgésico dental,20,,,1
asisdent,20,,,1
atm en odontologia,20,,,1
autoligables brackets,20,,,1
blanqueamiento laser,20,,,1
bracket sin gomas,20,,,1
brackets de auto ligado,20,,,1
brackets de autoligado,20,,,1
brackets de ceramica,20,,,2
brackets esteticos de colores,20,,,2
brackets sin gomas,20,,,1
colgate total 12 antisarro,20,,,2
como eliminar el sarro,20,,,2
como eliminar el sarro de los dientes,20,,,2
como eliminar los sarros de los dientes,20,,,2
como eliminar los sarros de los dientes con remedios caseros,20,,,2
como limpiar sarro de dientes,20,,,2
como quitar el sarro duro delos dientes,20,,,2
como sacar el sarro de los dientes en casa,20,,,2
composite dental,20,,,1
dentista ciudad del este,20,,,2
dentista odontologo,20,,,1
diente de juicio dolor,20,,,1
diente flexible,20,,,2
diente picado,20,,,1
diente provisorio urgente,20,,,1
dolor de diente medicamento,20,,,1
dolor de dientes por estrés,20,,,1
dolor de muela embarazada,20,,,1
dolor de muela medicamento,20,,,1
dolor de muela remedio casero,20,,,1
dolor dientes,20,,,1
el dentista,20,,,1
el sarro,20,,,2
el sarro produce mal aliento,20,,,2
eliminar sarro dental,20,,,2
embarazo y gingivitis,20,,,2
encia inflamada que tomar,20,,,2
encia retraida,20,,,2
encias rojas,20,,,2
encía retraida,20,,,2
encías retraídas,20,,,2
exocad dental,20,,,1
flemón grave,20,,,1
frenillos precios,20,,,1
gema dental,20,,,1
halitosis causas,20,,,2
implantologia oral,20,,,1
infeccion de muela,20,,,1
infeccion de muela con pus,20,,,1
inflamacion de la muela,20,,,1
inflamacion en la muela,20,,,1
intermaxilares,20,,,2
invisalign precio,20,,,2
lentes dentales,20,,,1
limpieza de sarro dental precio,20,,,1
limpieza profunda dental,20,,,1
mal olor en la boca,20,,,2
me duele mi diente,20,,,1
morder los dientes al dormir,20,,,2
odonto radiologia,20,,,1
ortodoncia transparente,20,,,2
para el dolor de muela que se puede tomar,20,,,1
para el mal aliento de boca,20,,,2
para el mal aliento de la boca,20,,,2
placa bacteriana dental,20,,,2
placa bacteriana en los dientes,20,,,2
placa base dental,20,,,2
placa bucal,20,,,2
placa de blanqueamiento,20,,,2
placa de contencion de acetato,20,,,2
placa dental bacterias,20,,,2
placa dental para bruxismo,20,,,1+2
placa miorrelajante para bruxismo,20,,,2
placa para blanqueamiento dental,20,,,2
placa transparente dental,20,,,2
porque se inflaman las encías y como curarlas,20,,,2
porque se me inflaman las encias,20,,,2
precio de protesis dental,20,,,2
precio de protesis dentales,20,,,1
precio de una carilla dental,20,,,1
precio retenedores fijos,20,,,1
prótesis dental completa,20,,,1+2
prótesis flexibles precio,20,,,1
puente adhesivo dental,20,,,2
puente dental anterior,20,,,2
puente fijo,20,,,2
puente metal porcelana,20,,,2
q se puede tomar para el dolor de muela,20,,,1
quitar sarro dientes,20,,,2
rayos x dental,20,,,1
rechinar los dientes,20,,,2
remedios caseros como quitar el sarro de los dientes,20,,,2
reveladora de placa bacteriana,20,,,2
sarro dental eliminar,20,,,2
sarro en los dientes de abajo,20,,,2
sensibilidad en un diente,20,,,1
sindesmotomo dental,20,,,1
tartaro dental,20,,,2
tratamiento odontologico,20,,,1
universidad autonoma de asuncion odontologia,20,,,1
